<?xml version="1.0" encoding="US-ASCII"?>

<!--
  Bayesian network in XMLBIF v0.3 (BayesNet Interchange Format)
  Produced by SamIam http://reasoning.cs.ucla.edu/samiam
  Output created 14-mag-2019 13.57.59
-->

<BIF VERSION="0.3"  xmlns="http://www.cs.ubc.ca/labs/lci/fopi/ve/XMLBIFv0_3"
	xmlns:xsi="http://www.w3.org/2001/XMLSchema-instance"
	xsi:schemaLocation="http://www.cs.ubc.ca/labs/lci/fopi/ve/XMLBIFv0_3 http://www.cs.ubc.ca/labs/lci/fopi/ve/XMLBIFv0_3/XMLBIFv0_3.xsd">
<NETWORK>
  <NAME>bayesiannetwork</NAME>

  <VARIABLE TYPE="nature">
    <NAME>Burglary</NAME>
    <OUTCOME>True</OUTCOME>
    <OUTCOME>False</OUTCOME>
    <PROPERTY>position = (0, 0)</PROPERTY>
  </VARIABLE>

  <VARIABLE TYPE="nature">
    <NAME>Alarm</NAME>
    <OUTCOME>True</OUTCOME>
    <OUTCOME>False</OUTCOME>
    <PROPERTY>position = (267, -66)</PROPERTY>
  </VARIABLE>

  <VARIABLE TYPE="nature">
    <NAME>Earthquake</NAME>
    <OUTCOME>True</OUTCOME>
    <OUTCOME>False</OUTCOME>
    <PROPERTY>position = (44, -166)</PROPERTY>
  </VARIABLE>

  <VARIABLE TYPE="nature">
    <NAME>JohnCalls</NAME>
    <OUTCOME>True</OUTCOME>
    <OUTCOME>False</OUTCOME>
    <PROPERTY>position = (450, 0)</PROPERTY>
  </VARIABLE>

  <VARIABLE TYPE="nature">
    <NAME>MaryCalls</NAME>
    <OUTCOME>True</OUTCOME>
    <OUTCOME>False</OUTCOME>
    <PROPERTY>position = (441, -172)</PROPERTY>
  </VARIABLE>

  <DEFINITION>
    <FOR>Burglary</FOR>
    <TABLE>0.01 0.99 </TABLE>
  </DEFINITION>

  <DEFINITION>
    <FOR>Alarm</FOR>
    <GIVEN>Burglary</GIVEN>
    <GIVEN>Earthquake</GIVEN>
    <TABLE>0.95 0.05 0.94 0.06 0.29 0.71 0.001 0.999 </TABLE>
  </DEFINITION>

  <DEFINITION>
    <FOR>Earthquake</FOR>
    <TABLE>0.02 0.98 </TABLE>
  </DEFINITION>

  <DEFINITION>
    <FOR>JohnCalls</FOR>
    <GIVEN>Alarm</GIVEN>
    <TABLE>0.9 0.1 0.05 0.95 </TABLE>
  </DEFINITION>

  <DEFINITION>
    <FOR>MaryCalls</FOR>
    <GIVEN>Alarm</GIVEN>
    <TABLE>0.7 0.3 0.01 0.99 </TABLE>
  </DEFINITION>

</NETWORK>
</BIF>
